STATE,ST_CASE,VE_TOTAL,VE_FORMS,PVH_INVL,PEDS,PERNOTMVIT,PERMVIT,PERSONS,COUNTY,CITY,DAY,MONTH,YEAR,DAY_WEEK,HOUR,MINUTE,NHS,RUR_URB,FUNC_SYS,RD_OWNER,ROUTE,TWAY_ID,TWAY_ID2,MILEPT,LATITUDE,LONGITUD,SP_JUR,HARM_EV,MAN_COLL,RELJCT1,RELJCT2,TYP_INT,WRK_ZONE,REL_ROAD,LGT_COND,WEATHER1,WEATHER2,WEATHER,SCH_BUS,RAIL,NOT_HOUR,NOT_MIN,ARR_HOUR,ARR_MIN,HOSP_HR,HOSP_MN,CF1,CF2,CF3,FATALS,DRUNK_DR
16,160001,2,2,0,0,0,3,3,39,1150,8,1,2016,6,8,58,1,1,1,1,1,I-84,,778,43.30493611,-115.910811110000,0,12,6,0,1,1,0,1,1,1,0,1,0,0000000,8,58,9,18,99,99,0,0,0,1,0
16,160002,1,1,0,0,0,1,1,9,1620,4,1,2016,2,99,99,0,1,4,1,3,SR-5,,122,47.33233056,-116.679608330000,0,35,0,0,1,1,0,4,9,99,0,99,0,0000000,15,15,15,20,88,88,18,0,0,1,0
16,160003,1,1,0,1,1,0,0,5,1430,10,1,2016,1,22,18,0,2,7,4,6,WARREN AVE,ELM ST,0,42.87854444,-112.449030560000,0,8,0,0,1,1,0,1,2,10,0,10,0,0000000,22,21,22,25,88,88,17,16,0,1,0
16,160004,2,2,0,0,0,4,4,17,398,16,1,2016,7,11,14,1,1,3,1,2,US-2,,215,48.25225000,-116.688622220000,0,12,6,0,1,1,0,1,1,10,4,4,0,0000000,11,14,11,24,99,99,0,0,0,1,0
16,160005,2,2,0,0,0,3,3,53,830,25,1,2016,2,1,11,1,1,1,1,1,I-84,,1642,42.73191111,-114.562261110000,0,12,2,0,1,1,0,1,2,1,0,1,0,0000000,1,12,1,21,99,99,20,0,0,1,1
16,160006,2,2,0,0,0,2,2,31,200,19,1,2016,3,11,9,0,1,6,3,8,1000 SOUTH RD,600 WEST RD,150,42.38794167,-113.911655560000,0,12,6,0,2,2,0,1,1,1,0,1,0,0000000,11,9,11,23,99,99,0,0,0,1,1
16,160007,1,1,0,1,1,1,1,83,1830,23,1,2016,7,5,53,1,1,3,1,2,US-30,,2102,42.56388333,-114.611658330000,0,8,0,0,8,1,0,1,2,10,0,10,0,0000000,88,88,88,88,88,88,0,0,0,1,0
16,160008,1,1,0,0,0,1,1,87,1880,29,1,2016,6,7,31,0,1,7,2,8,WEISER RIVER RD,UNITY LN,0,44.25832222,-116.772144440000,0,1,0,0,1,1,0,2,2,5,0,5,0,0000000,7,31,7,40,88,88,18,0,0,1,1
16,160009,4,4,0,0,0,7,7,83,1830,27,1,2016,4,11,58,0,2,3,4,6,BLUE LAKES BLVD,COLLEGE RD,487,42.58225833,-114.460238890000,0,12,1,0,3,2,0,1,1,1,0,1,0,0000000,12,0,12,3,99,99,0,0,0,1,0
16,160010,2,2,0,0,0,3,3,27,1200,25,1,2016,2,18,10,1,2,3,1,6,12TH SOUTH AVE,7TH SOUTH ST,272,43.57436111,-116.565683330000,0,12,2,0,2,2,0,1,3,1,0,1,0,0000000,18,11,18,14,99,99,0,0,0,1,0
16,160011,2,2,0,1,1,1,1,79,0,1,2,2016,2,14,19,1,1,1,1,1,I-90,,722,47.46027222,-115.723422220000,0,12,7,0,1,1,0,1,1,4,10,4,0,0000000,14,22,14,40,99,99,23,0,0,1,0
16,160012,2,2,0,0,0,5,5,27,210,5,2,2016,6,18,38,1,1,3,1,3,SR-55,,60,43.59293889,-116.792311110000,0,12,2,0,1,1,0,1,2,5,0,5,0,0000000,18,38,18,44,99,99,0,0,0,2,1
16,160013,2,2,0,0,0,2,2,69,960,7,2,2016,1,15,15,0,2,4,2,6,5TH ST,PARK AVE,19,46.38667500,-117.007147220000,0,12,6,0,4,1,0,1,1,1,0,1,0,0000000,15,18,15,23,99,99,0,0,0,1,0
16,160014,2,2,0,0,0,2,2,79,1670,7,2,2016,1,19,43,1,1,1,1,1,I-90,,451,47.54474444,-116.231316670000,0,12,2,0,1,1,0,1,2,10,0,10,0,0000000,19,52,20,12,99,99,0,0,0,1,0
16,160015,2,2,0,0,0,2,2,11,91,10,2,2016,4,18,57,1,1,3,1,2,US-26,,2909,43.33345000,-112.595108330000,0,12,1,0,1,1,0,1,2,1,0,1,0,0000000,18,57,19,9,99,99,0,0,0,1,0
16,160016,1,1,0,0,0,2,2,49,1915,10,2,2016,4,22,0,0,1,7,25,4,CR-DEER CREEK RD,WALKER RD,1114,45.69150000,-116.349783330000,0,35,0,0,1,1,0,4,2,99,0,99,0,0000000,8,6,8,43,88,88,18,0,0,2,1
16,160017,2,2,0,0,0,2,2,41,1480,13,2,2016,7,12,30,0,1,5,2,4,CR-STATE ST,2000 SOUTH RD,42,42.06021111,-111.876736110000,0,12,2,0,1,1,0,1,1,1,0,1,0,0000000,13,30,13,33,99,99,0,0,0,1,0
16,160018,1,1,0,0,0,4,4,79,1305,13,2,2016,7,17,5,0,1,7,40,8,TWO MILE RD,NUCHOLS GULCH,0,47.51102778,-115.995536110000,1,1,0,0,1,1,0,4,5,1,0,1,0,0000000,17,7,17,10,99,99,0,0,0,1,1
16,160019,1,1,0,0,0,2,2,31,200,22,2,2016,2,2,43,1,1,3,1,2,US-30,,2451,42.48936389,-114.008247220000,0,34,0,0,1,1,0,4,2,10,0,10,0,0000000,2,45,3,0,88,88,0,0,0,1,0
16,160020,1,1,0,0,0,1,1,11,130,23,2,2016,3,19,5,1,1,3,1,2,US-91,,1087,43.26927500,-112.226408330000,0,31,0,0,1,1,0,4,2,1,0,1,0,0000000,19,5,19,16,88,88,0,0,0,1,0
16,160021,2,2,0,0,0,2,2,43,805,25,2,2016,5,18,18,1,1,3,1,2,US-20,,3762,44.28662222,-111.462266670000,1,12,2,0,1,1,0,1,5,1,0,1,0,0000000,18,18,18,52,88,88,0,0,0,1,0
16,160022,2,2,0,0,0,2,2,35,1300,2,3,2016,4,11,52,1,2,3,1,2,US-12,115TH ST,414,46.49620556,-116.300211110000,0,12,6,0,2,3,0,1,1,1,0,1,0,0000000,11,40,11,56,99,99,0,0,0,1,0
16,160023,1,1,0,0,0,1,1,13,0,5,3,2016,7,2,0,0,1,4,1,3,SR-75,,1052,43.37707778,-114.266900000000,0,1,0,0,1,1,0,4,2,1,0,1,0,0000000,2,19,2,32,88,88,0,0,0,1,1
16,160024,1,1,0,0,0,1,1,27,210,5,3,2016,7,16,56,1,2,1,1,1,I-84,,305,43.63936667,-116.641336110000,0,1,0,0,1,1,0,2,1,1,0,1,0,0000000,16,56,17,3,99,99,0,0,0,1,0
16,160025,1,1,0,0,0,1,1,5,1430,7,3,2016,2,20,35,1,2,3,1,2,US-91 YELLOWSTONE AVE,,779,42.89293056,-112.451327780000,0,1,0,0,8,1,0,1,3,1,0,1,0,0000000,20,38,20,42,99,99,0,0,0,1,0
16,160026,2,2,0,0,0,2,2,69,960,15,3,2016,3,8,21,0,2,5,4,6,G ST,16TH ST,3,46.41620833,-117.009611110000,0,12,6,0,2,2,0,1,1,1,0,1,0,0000000,8,21,8,29,99,99,0,0,0,1,0
16,160027,2,2,0,0,0,2,2,77,0,19,3,2016,7,0,36,0,1,7,4,8,LAMB WESTON RD,,0,42.77705833,-112.910880560000,0,12,2,0,1,1,0,1,2,10,0,10,0,0000000,0,37,0,43,88,88,0,0,0,1,0
16,160028,2,2,0,0,0,4,4,5,940,20,3,2016,1,15,5,1,1,3,1,2,US-30,,3704,42.62387778,-112.021541670000,0,12,2,0,1,1,0,1,1,1,0,1,0,0000000,15,9,15,17,99,99,0,0,0,2,0
16,160029,1,1,0,0,0,2,2,27,210,22,3,2016,3,18,24,0,2,5,4,8,AVIATION WAY,,100,43.65573889,-116.653044440000,0,31,0,0,1,1,0,4,1,1,0,1,0,0000000,18,26,18,31,99,99,0,0,0,1,1
16,160030,1,1,0,0,0,1,1,1,160,27,3,2016,1,19,57,1,2,1,1,1,I-84 IC-50A EB OFF RAMP,,1,43.59159722,-116.278097220000,0,1,0,1,20,1,0,1,5,10,0,10,0,0000000,19,57,20,2,99,99,0,0,0,1,1
16,160031,1,1,0,0,0,1,1,49,0,28,3,2016,2,17,24,0,1,5,11,8,LEITCH CREEK RD,,0,46.10436944,-115.907508330000,0,35,0,0,1,1,0,4,1,10,0,10,0,0000000,17,24,17,34,88,88,0,0,0,1,1
16,160032,2,2,0,0,0,4,4,27,1200,29,3,2016,3,5,15,1,2,1,1,1,I-84,NORTHSIDE BLVD,192,43.60067778,-116.571550000000,0,12,11,1,18,1,0,1,3,1,0,1,0,0000000,5,15,5,21,99,99,0,0,0,1,0
16,160033,2,2,0,0,0,3,3,1,160,29,3,2016,3,14,47,1,2,3,1,3,SR-55 EAGLE RD,SEDONA ST,402,43.65301667,-116.354263890000,0,12,6,0,2,2,0,1,1,10,0,10,0,0000000,14,52,14,55,88,88,0,0,0,1,0
16,160034,1,1,0,0,0,3,3,1,0,31,3,2016,5,6,33,0,1,4,4,4,CR-BLACK CAT RD,,132,43.55833333,-116.453577780000,0,53,0,0,1,1,0,4,2,1,0,1,0,0000000,6,39,6,48,99,99,0,0,0,1,0
16,160035,1,1,0,0,0,1,1,37,0,1,4,2016,6,1,54,1,1,3,1,2,US-93,,1159,43.97420000,-113.721166670000,0,34,0,0,1,1,0,4,2,1,0,1,0,0000000,1,54,2,12,88,88,0,0,0,1,1
16,160036,2,2,0,0,0,2,2,21,0,1,4,2016,6,14,20,1,1,3,1,2,US-95,,4930,48.51834722,-116.443366670000,0,12,2,0,1,1,0,1,1,1,0,1,0,0000000,13,43,13,51,99,99,0,0,0,1,0
16,160037,2,2,0,0,0,2,2,55,0,7,4,2016,5,13,43,0,1,5,1,3,SR-58,,9,47.42925278,-117.026377780000,3,12,2,0,1,1,0,2,1,1,0,1,0,0000000,13,43,13,51,99,99,0,0,0,1,0
16,160038,1,1,0,1,1,1,1,1,160,8,4,2016,6,14,42,0,2,5,4,6,DEVELOPMENT AVE,,84,43.56771111,-116.207419440000,0,8,0,0,1,1,0,2,1,1,0,1,0,0000000,14,42,14,50,99,99,0,0,0,1,0
16,160039,1,1,0,0,0,2,2,55,0,9,4,2016,7,1,40,0,1,7,3,4,CR-CHILCO RD,,0,47.86090833,-116.782761110000,0,1,0,0,1,1,0,4,2,1,0,1,0,0000000,1,55,2,0,99,99,0,0,0,1,1
16,160040,2,2,0,0,0,2,2,23,0,10,4,2016,1,18,40,1,1,3,1,2,US-93,,2321,43.49119167,-113.536147220000,0,12,1,0,1,1,0,1,1,1,0,1,0,0000000,18,43,18,57,99,99,0,0,0,1,1
16,160041,1,1,0,1,1,1,1,1,160,13,4,2016,4,6,50,0,2,3,2,5,STATE ST,CLITHERO ST,249,43.63798611,-116.232330560000,0,8,0,0,3,3,0,1,4,10,0,10,0,0000000,6,54,7,2,88,88,0,0,0,1,0
16,160042,1,1,0,0,0,1,1,49,0,14,4,2016,5,13,12,0,1,5,4,6,OLD HIGHWAY 7,,41,45.99908611,-116.159677780000,0,34,0,0,1,1,0,4,1,10,0,10,0,0000000,13,12,13,25,88,88,0,0,0,1,0
16,160043,1,1,0,0,0,1,1,31,0,19,4,2016,3,3,33,1,1,1,1,1,I-84,,2589,42.19988611,-113.025944440000,0,73,0,0,1,1,0,1,2,1,0,1,0,0000000,3,33,4,6,88,88,0,0,0,1,0
16,160044,1,1,0,0,0,2,2,1,0,21,4,2016,5,3,9,1,1,1,1,1,I-84,,639,43.45889444,-116.087750000000,0,24,0,0,1,1,0,3,2,1,0,1,0,0000000,3,28,3,44,99,99,0,0,0,1,0
16,160045,2,2,0,0,0,2,2,27,210,22,4,2016,6,16,12,1,2,1,1,1,I-84,,292,43.65548056,-116.654236110000,0,12,1,0,1,1,0,1,2,10,0,10,0,0000000,4,13,4,20,99,99,0,0,0,1,1
16,160046,1,1,0,0,0,1,1,49,0,23,4,2016,7,23,0,0,1,5,4,8,LAKE RD,,10,45.88624722,-116.243777780000,0,34,0,0,1,1,0,4,2,2,10,2,0,0000000,23,9,23,21,99,99,0,0,0,1,1
16,160047,1,1,0,0,0,2,2,1,160,24,4,2016,1,18,1,0,2,4,4,6,W USTIC RD,,102,43.63025278,-116.253308330000,0,1,0,0,1,1,0,1,1,1,0,1,0,0000000,18,2,18,8,88,88,0,0,0,2,1
16,160048,1,1,0,0,0,1,1,75,0,27,4,2016,4,15,31,1,1,1,1,1,I-84,,102,43.89663889,-116.806966670000,0,1,0,0,1,1,0,3,1,1,0,1,0,0000000,15,31,15,40,88,88,0,0,0,1,0
16,160049,2,2,0,0,0,2,2,51,0,27,4,2016,4,16,22,1,1,1,1,1,I-15,,1402,43.79254444,-112.174594440000,0,12,1,0,1,1,0,1,1,1,0,1,0,0000000,16,24,16,32,88,88,0,0,0,1,0
16,160050,1,1,0,0,0,1,1,11,130,28,4,2016,5,7,59,1,1,3,1,2,US-26,,2967,43.27918889,-112.508833330000,0,1,0,0,1,1,0,4,1,1,0,1,0,0000000,8,1,8,10,99,99,0,0,0,1,1
16,160051,1,1,0,0,0,1,1,19,0,29,4,2016,6,14,57,0,1,5,2,4,CR-1ST EAST ST,,4,43.43096667,-112.033763890000,0,34,0,0,1,1,0,4,1,1,0,1,0,0000000,14,59,15,9,99,99,0,0,0,1,0
16,160052,2,2,0,0,0,3,3,5,260,30,4,2016,7,22,44,0,1,4,1,2,US-91,BALLARD RD,846,42.97856667,-112.456738890000,3,12,6,0,2,2,0,1,2,1,0,1,0,0000000,22,47,22,49,99,99,0,0,0,1,1
16,160053,1,1,0,1,1,3,3,55,0,2,5,2016,2,15,45,0,2,7,4,6,ASPEN WAY,PINE CRT,0,47.70310000,-116.886238890000,0,9,0,0,3,3,0,1,1,1,0,1,0,0000000,15,49,15,55,99,99,0,0,0,1,0
16,160054,2,2,0,0,0,2,2,79,0,4,5,2016,4,18,52,1,1,5,4,6,FRONT ST,FRONTAGE RD,610,47.47671667,-115.933433330000,0,12,6,0,2,3,0,1,1,1,0,1,0,0000000,18,54,19,0,99,99,0,0,0,1,0
16,160055,2,2,0,0,0,2,2,47,0,11,5,2016,4,9,25,0,1,5,1,3,SR-46,,1046,42.82423056,-114.707466670000,0,12,6,0,1,1,0,2,1,1,0,1,0,0000000,9,26,9,36,88,88,0,0,0,1,0
16,160057,2,2,0,0,0,3,3,1,0,13,5,2016,6,17,57,1,1,3,1,3,SR-21,GRAND FOREST DR,19,43.54390833,-116.124294440000,0,1,0,0,1,1,0,1,1,1,0,1,0,0000000,17,58,18,13,99,99,0,0,0,1,0
16,160058,2,2,0,0,0,2,2,75,0,14,5,2016,7,16,13,1,1,3,1,2,US-95,,720,44.12545833,-116.903400000000,0,12,2,0,1,1,0,1,1,1,0,1,0,0000000,16,14,16,18,88,88,0,0,0,1,1
16,160059,1,1,0,0,0,3,3,63,0,14,5,2016,7,22,1,0,1,4,1,3,SR-75,,750,42.95586667,-114.403469440000,0,1,0,0,1,1,0,1,2,10,0,10,0,0000000,22,5,22,8,99,99,0,0,0,1,1
16,160060,1,1,0,0,0,4,4,51,1570,16,5,2016,2,15,40,0,1,7,3,4,CR-2350 EAST RD,600 NORTH RD,0,43.71398611,-112.231369440000,0,38,0,0,1,1,0,4,1,10,0,10,0,0000000,15,43,15,56,99,99,0,0,0,1,0
16,160061,1,1,0,1,1,1,1,83,0,18,5,2016,4,8,30,0,1,6,3,5,2900 NORTH RD,,0,42.41780278,-114.372350000000,0,9,0,0,1,1,0,1,1,1,0,1,0,0000000,8,44,8,56,88,88,0,0,0,1,0
16,160062,1,1,0,0,0,2,2,49,981,17,5,2016,3,19,7,1,1,3,1,2,US-95,,2110,45.64309167,-116.288794440000,0,1,0,0,1,1,0,6,1,1,0,1,0,0000000,19,8,19,35,88,88,0,0,0,2,0
16,160063,1,1,0,0,0,1,1,57,0,18,5,2016,4,18,5,0,1,5,3,3,SR-99,,24,46.62918056,-116.698069440000,0,35,0,0,1,1,0,4,1,1,0,1,0,0000000,18,99,18,22,99,99,0,0,0,1,1
16,160064,1,1,0,0,0,1,1,11,0,19,5,2016,5,19,18,0,1,7,4,4,CR-500 WEST RD,200 NORTH RD,0,43.22464722,-112.395447220000,0,1,0,0,1,1,0,1,1,2,0,2,0,0000000,19,20,19,25,99,99,0,0,0,1,0
16,160065,2,1,1,0,1,2,3,53,0,21,5,2016,7,18,5,1,1,1,1,1,I-84,,1809,42.58389167,-114.312647220000,0,14,0,0,1,1,0,2,1,3,2,3,0,0000000,18,9,18,17,99,99,19,0,0,1,0
16,160066,1,1,0,1,1,2,2,27,0,22,5,2016,1,4,46,0,1,7,4,5,SOUTHSIDE BLVD,,0,43.51413333,-116.532986110000,0,8,0,0,1,1,0,1,2,1,0,1,0,0000000,4,49,5,4,99,99,0,0,0,1,0
16,160067,1,1,0,0,0,2,2,55,0,23,5,2016,2,20,47,0,1,5,3,6,HAYDEN AVE,,1008,47.75956389,-116.940066670000,0,38,0,0,1,1,0,4,3,2,0,2,0,0000000,20,47,20,53,88,88,0,0,0,2,1
16,160068,3,3,0,0,0,4,4,83,0,25,5,2016,4,9,48,0,1,5,2,8,3700 NORTH RD,1000 EAST RD,68,42.53508889,-114.849261110000,0,12,6,0,2,2,0,1,1,1,0,1,0,0000000,9,52,10,3,99,99,0,0,0,1,0
16,160069,1,1,0,0,0,1,1,67,0,26,5,2016,5,0,31,0,1,7,3,4,CR-700 WEST RD,,0,42.61149444,-113.803144440000,0,1,0,0,1,1,0,1,2,1,0,1,0,0000000,0,33,0,41,99,99,0,0,0,1,0
16,160070,1,1,0,0,0,6,6,39,0,28,5,2016,7,2,35,0,1,7,11,8,MIDDLE FORK RD,,0,43.71822778,-115.619316670000,1,42,0,0,1,1,0,5,2,1,0,1,0,0000000,2,36,4,11,99,99,0,0,0,2,1
16,160071,2,2,0,0,0,2,2,83,730,28,5,2016,7,4,42,1,1,3,1,2,US-30,,301,42.40086944,-114.574677780000,0,12,2,0,1,1,0,1,2,1,0,1,0,0000000,4,43,5,13,88,88,0,0,0,1,1
16,160072,1,1,0,0,0,3,3,35,0,28,5,2016,7,22,30,0,1,6,11,8,USFS 250 NORTH FORK RD,,318,46.62830278,-115.476061110000,0,35,0,0,1,1,0,4,2,1,0,1,0,0000000,0,30,1,35,99,99,18,0,0,2,1
16,160073,2,2,0,0,0,2,2,27,0,30,5,2016,2,16,7,1,1,3,1,2,US-95,LOWER PLEASANT RIDGE RD,379,43.66139444,-116.911838890000,0,12,6,0,2,2,0,1,1,1,0,1,0,0000000,16,9,16,14,99,99,0,0,0,1,0
16,160074,2,2,0,0,0,4,4,83,0,30,5,2016,2,21,57,1,1,3,1,3,SR-50,3800 EAST RD,33,42.56001111,-114.306100000000,0,12,6,0,2,2,0,1,2,1,0,1,0,0000000,22,5,22,12,99,99,0,0,0,1,1
16,160075,1,1,0,0,0,6,6,15,0,2,6,2016,5,20,37,1,1,3,1,3,SR-55,,677,43.95708889,-116.194636110000,0,35,0,0,1,1,0,4,2,1,0,1,0,0000000,20,37,20,42,99,99,0,0,0,1,0
16,160076,2,2,0,0,0,2,2,27,210,3,6,2016,6,16,16,0,1,7,4,8,DEER FLAT RD,CHICKEN DINNER RD,0,43.50191111,-116.772216670000,0,12,6,0,2,2,0,1,1,1,0,1,0,0000000,16,17,16,35,99,99,0,0,0,1,0
16,160077,2,2,0,0,0,3,3,53,0,6,6,2016,2,20,31,1,1,1,1,1,I-84,,1905,42.57544722,-114.108758330000,0,12,1,0,1,1,0,1,1,7,2,2,0,0000000,20,35,20,38,99,99,19,23,0,1,0
16,160078,1,1,0,0,0,3,3,53,0,8,6,2016,4,1,15,1,1,1,1,1,I-84,,1947,42.57592778,-114.045816670000,0,1,0,0,1,1,0,4,2,1,0,1,0,0000000,1,25,1,47,99,99,0,0,0,1,0
16,160079,1,1,0,0,0,2,2,5,0,9,6,2016,5,13,5,1,1,1,1,1,I-15,,301,42.41876389,-112.188019440000,0,1,0,0,1,1,0,4,1,1,0,1,0,0000000,13,8,13,21,99,99,0,0,0,1,0
16,160080,1,1,0,0,0,1,1,37,1720,9,6,2016,5,15,34,0,1,4,1,3,SR-75,,2023,44.27102500,-114.737038890000,0,35,0,0,1,1,0,4,1,10,0,10,0,0000000,15,34,15,40,99,99,0,0,0,1,0
16,160081,1,1,0,0,0,1,1,1,160,10,6,2016,6,17,48,0,2,5,4,6,ALLUMBAUGH ST,,15,43.60496944,-116.266316670000,0,23,0,0,1,1,0,4,1,10,0,10,0,0000000,17,48,17,49,99,99,0,0,0,1,0
16,160082,1,1,0,0,0,4,4,39,0,10,6,2016,6,20,29,1,1,1,1,1,I-84,,758,43.32812778,-115.935677780000,0,1,0,0,1,1,0,4,5,1,0,1,0,0000000,20,33,20,51,99,99,0,0,0,1,0
16,160083,2,2,0,0,0,3,3,83,0,14,6,2016,3,15,15,0,1,7,25,4,CR-3800 NORTH RD,CR-2500 EAST RD,0,42.54935000,-114.555097220000,0,12,6,0,2,2,0,1,1,1,0,1,0,0000000,15,15,15,23,99,99,0,0,0,1,0
16,160084,1,1,0,1,1,1,1,11,130,14,6,2016,3,21,25,0,2,5,4,6,PARKWAY DR,LILAC ST,3,43.19787222,-112.351022220000,0,19,0,0,3,3,0,5,5,1,0,1,0,0000000,21,28,21,31,99,99,15,0,0,1,1
16,160085,1,1,0,0,0,2,2,53,0,15,6,2016,4,10,17,1,1,1,1,1,I-84,,1865,42.57613611,-114.196327780000,0,38,0,0,1,1,0,4,1,10,0,10,0,0000000,10,17,10,30,99,99,0,0,0,1,0
16,160086,2,2,0,0,0,6,6,1,435,17,6,2016,6,17,29,0,1,3,1,3,SR-16,,1041,43.74976667,-116.459872220000,0,12,2,0,1,1,0,1,1,1,0,1,0,0000000,17,38,17,45,99,99,0,0,0,1,0
16,160087,1,1,0,0,0,4,4,37,1010,17,6,2016,6,19,6,0,6,96,96,8,NF-496 MINE HILL RD,NF-144 CLIFF CREEK RD,1008,43.89498889,-113.644144440000,0,43,0,0,1,1,0,4,1,1,0,1,0,0000000,19,6,19,16,99,99,0,0,0,1,0
16,160088,1,1,0,0,0,1,1,31,0,21,6,2016,3,5,43,1,1,1,1,1,I-84,,2216,42.57259722,-113.523194440000,0,1,0,1,19,1,0,4,2,1,0,1,0,0000000,5,45,6,3,88,88,0,0,0,1,0
16,160089,1,1,0,0,0,1,1,59,1630,20,6,2016,2,12,9,1,1,3,1,2,US-93,,3189,45.35306111,-113.925394440000,0,1,0,0,1,1,0,4,1,10,0,10,0,0000000,12,9,12,26,88,88,0,0,0,1,1
16,160090,2,2,0,0,0,5,5,53,830,20,6,2016,2,19,37,0,1,7,25,4,CR-200 N RD,CR-00 W RD,0,42.75331944,-114.577541670000,0,12,6,0,2,2,0,1,1,10,0,10,0,0000000,19,38,19,48,99,99,0,0,0,2,1
16,160091,1,1,0,0,0,1,1,1,160,21,6,2016,3,3,12,1,2,1,1,1,I-184 US-20,,474,43.61770000,-116.231758330000,0,25,0,1,5,1,0,4,3,1,0,1,0,0000000,3,15,3,19,99,99,0,0,0,1,1
16,160092,1,1,0,0,0,1,1,5,536,24,6,2016,6,4,38,0,1,3,1,2,US-91,,863,43.00038056,-112.444183330000,3,1,0,0,1,1,0,4,2,1,0,1,0,0000000,4,50,4,50,88,88,0,0,0,1,0
16,160093,1,1,0,0,0,1,1,77,40,24,6,2016,6,22,26,1,1,1,1,1,I-86,,222,42.62631111,-113.088361110000,0,31,0,0,1,1,0,4,2,1,0,1,0,0000000,22,32,22,44,88,88,0,0,0,1,1
16,160094,1,1,0,0,0,3,3,63,0,25,6,2016,7,5,43,0,1,5,1,3,SR-24,,342,42.83664167,-113.794472220000,0,1,0,0,1,1,0,5,4,1,0,1,0,0000000,5,50,6,18,99,99,0,0,0,1,1
16,160095,1,1,0,0,0,2,2,79,0,25,6,2016,7,17,9,0,1,7,11,8,USFS 503 OLD RIVER RD,,70,47.63514167,-116.190422220000,0,42,0,0,1,1,0,4,1,1,0,1,0,0000000,17,9,17,34,99,99,0,0,0,2,1
16,160096,1,1,0,0,0,1,1,7,0,25,6,2016,7,21,15,1,1,3,1,2,US-89,,25,42.03510556,-111.396130560000,0,42,0,0,1,1,0,4,3,1,0,1,0,0000000,21,17,21,42,99,99,0,0,0,1,1
16,160097,1,1,0,0,0,3,3,55,1460,26,6,2016,1,0,51,1,2,1,1,1,I-90 IC 7 WB OFF RAMP,,71,47.71113611,-116.896263890000,0,59,0,1,19,1,0,4,3,1,0,1,0,0000000,0,51,0,58,99,99,0,0,0,2,1
16,160098,1,1,0,0,0,3,3,47,0,26,6,2016,1,2,52,0,1,4,1,2,US-26,,1423,42.92371389,-114.866483330000,0,1,0,0,1,1,0,4,2,1,0,1,0,0000000,2,55,3,2,99,99,0,0,0,1,0
16,160099,2,2,0,0,0,2,2,31,0,26,6,2016,1,7,51,0,1,6,1,3,SR-81,,314,42.51747222,-113.728583330000,0,12,6,0,1,1,0,1,1,1,0,1,0,0000000,7,51,8,10,99,99,0,0,0,1,0
16,160100,3,3,0,0,0,8,8,15,0,26,6,2016,1,11,58,1,1,3,1,3,SR-55,,700,43.98557222,-116.188041670000,0,12,6,0,1,1,0,1,1,1,0,1,0,0000000,12,17,12,31,99,99,0,0,0,1,1
16,160101,1,1,0,1,1,1,1,19,790,27,6,2016,2,22,15,1,2,3,4,6,E SUNNYSIDE RD,WASHINGTON PKWY,37,43.46803056,-111.993269440000,0,8,0,0,2,2,0,1,3,1,0,1,0,0000000,22,15,22,18,88,88,0,0,0,1,0
16,160102,2,2,0,0,0,3,3,3,0,29,6,2016,4,16,52,1,1,3,1,2,US-95,,1558,44.98178889,-116.368277780000,0,12,8,0,1,1,0,1,1,1,0,1,0,0000000,16,56,17,17,88,88,0,0,0,1,0
16,160103,1,1,0,2,2,2,2,17,1450,30,6,2016,5,12,17,0,1,7,25,6,MCGHEE RD,SE-200,0,48.31521667,-116.524491670000,0,8,0,0,1,1,0,1,1,1,0,1,0,0000000,12,19,12,32,99,99,0,0,0,1,0
16,160104,1,1,0,0,0,3,3,1,570,1,7,2016,6,1,38,0,2,5,4,6,RIVERSIDE DR,LAKE FRONT PL,58,43.66618889,-116.294169440000,0,33,0,0,1,1,0,4,6,1,0,1,0,0000000,1,40,1,45,99,99,0,0,0,1,1
16,160105,1,1,0,0,0,4,4,41,0,1,7,2016,6,16,28,0,1,4,1,2,US-91,,121,42.12561389,-111.915183330000,0,24,0,0,1,1,0,4,1,1,0,1,0,0000000,15,31,15,37,99,99,0,0,0,1,0
16,160106,1,1,0,1,1,2,2,5,1430,4,7,2016,2,1,0,1,2,3,1,2,US-30 N 4TH AVE,E CENTER ST,2994,42.86585556,-112.444519440000,0,8,0,0,3,2,0,1,3,1,0,1,0,0000000,1,9,1,11,88,88,0,0,0,1,0
16,160107,1,1,0,0,0,2,2,83,0,4,7,2016,2,17,45,0,1,4,1,2,US-30,,1860,42.75153611,-114.867722220000,0,35,0,0,1,1,0,4,1,1,0,1,0,0000000,17,46,17,52,99,99,0,0,0,1,1
16,160108,1,1,0,0,0,7,7,49,0,5,7,2016,3,14,50,1,1,3,1,2,US-95,,2268,45.79891111,-116.289780560000,0,1,0,0,1,1,0,4,1,10,0,10,0,0000000,14,50,15,11,99,99,0,0,0,1,0
16,160109,1,1,0,0,0,1,1,31,200,5,7,2016,3,18,31,0,6,96,96,4,CR-500 SOUTH RD,600 WEST RD,99998,42.46027778,-113.923611110000,0,1,0,0,1,1,0,1,1,10,0,10,0,0000000,18,33,18,46,88,88,0,0,0,1,1
16,160110,1,1,0,0,0,1,1,1,160,8,7,2016,6,22,29,1,1,1,1,1,I-84,,590,43.50980833,-116.144127780000,0,1,0,1,18,1,0,1,3,1,0,1,0,0000000,22,30,22,36,88,88,0,0,0,1,0
16,160111,2,2,0,0,0,3,3,27,0,10,7,2016,1,8,15,0,1,4,3,5,S ROBINSON BLVD,E LOCUST ST,57,43.53216667,-116.493505560000,0,12,6,0,2,2,0,1,1,2,10,2,0,0000000,8,19,8,26,99,99,0,0,0,1,0
16,160112,1,1,0,0,0,2,2,31,0,11,7,2016,2,5,30,0,1,5,2,4,CR-500 S RD,550 E RD,99998,42.45944722,-113.691733330000,0,1,0,0,1,1,0,1,4,1,0,1,0,0000000,5,36,5,49,99,99,0,0,0,1,0
16,160113,1,1,0,2,2,1,1,19,790,13,7,2016,4,18,0,1,1,3,1,2,US-26,,3438,43.59237778,-111.878311110000,0,9,0,0,1,1,0,1,1,1,0,1,0,0000000,18,24,18,30,99,99,0,0,0,1,0
16,160114,2,2,0,0,0,2,2,19,0,13,7,2016,4,21,30,0,1,4,3,6,5TH WEST RD,,99998,43.44710556,-112.043541670000,0,12,6,0,8,1,0,1,2,1,0,1,0,0000000,21,29,21,38,99,99,0,0,0,1,0
16,160115,2,2,0,0,0,5,5,67,0,14,7,2016,5,8,22,0,1,7,2,4,CR-300 SOUTH RD,CR-200 WEST RD,99998,42.57611667,-113.701216670000,0,12,2,0,1,1,0,1,1,1,0,1,0,0000000,8,22,8,38,99,99,0,0,0,1,0
16,160116,1,1,0,0,0,4,4,49,0,15,7,2016,6,20,30,0,1,7,2,4,CR-PINE BAR RD,GRAVES CREEK RD,30,45.89041944,-116.341644440000,0,1,0,0,1,1,0,4,2,1,0,1,0,0000000,20,54,21,47,99,99,0,0,0,1,1
16,160117,1,1,0,0,0,1,1,11,130,16,7,2016,7,6,1,1,1,1,1,1,I-15,,947,43.28424722,-112.289338890000,0,52,0,0,1,1,0,4,4,1,0,1,0,0000000,6,1,6,10,88,88,0,0,0,1,1
16,160118,1,1,0,0,0,2,2,53,460,16,7,2016,7,12,20,1,1,1,1,1,I-84,,1851,42.57601111,-114.234630560000,0,31,0,0,1,1,0,4,1,1,0,1,0,0000000,12,20,12,27,99,99,0,0,0,1,0
16,160119,1,1,0,0,0,1,1,51,0,20,7,2016,4,10,53,0,1,7,25,4,CR-3200 EAST RD,800 NORTH RD,99998,43.74250000,-112.063008330000,0,1,0,0,3,3,0,4,1,1,0,1,0,0000000,10,55,11,0,88,88,0,0,0,1,1
16,160120,1,1,0,0,0,1,1,1,160,20,7,2016,4,15,55,1,2,1,1,1,I-84,,639,43.45900000,-116.088000000000,0,24,0,0,1,1,0,3,1,1,0,1,0,0000000,15,55,16,9,99,99,0,0,0,1,0
16,160121,1,1,0,0,0,2,2,79,0,22,7,2016,6,18,10,1,1,1,1,1,I-90,,409,47.55158056,-116.314161110000,0,31,0,0,1,1,0,3,1,10,2,2,0,0000000,18,10,18,18,99,99,0,0,0,1,0
16,160122,1,1,0,0,0,2,2,11,0,26,7,2016,3,23,40,0,1,4,1,3,SR-39,,137,42.91624167,-112.849688890000,0,1,0,0,8,1,0,5,3,1,0,1,0,0000000,23,41,23,48,99,99,0,0,0,1,0
16,160123,1,1,0,0,0,1,1,73,0,27,7,2016,4,6,41,0,1,5,1,3,SR-78,,212,43.31460833,-116.598638890000,0,1,0,0,1,1,0,1,1,1,0,1,0,0000000,6,41,7,11,88,88,0,0,0,1,0
16,160124,2,2,0,0,0,2,2,45,0,28,7,2016,5,12,25,0,1,3,1,3,SR-16,,1102,43.83405833,-116.472902780000,0,12,2,0,1,1,0,1,1,1,0,1,0,0000000,12,25,12,30,99,99,0,0,0,1,0
16,160125,1,1,0,0,0,2,2,49,0,29,7,2016,6,13,50,0,1,4,1,3,SR-13,,148,46.00636389,-115.960038890000,0,1,0,0,1,1,0,1,1,1,0,1,0,0000000,13,50,14,10,99,99,0,0,0,1,0
16,160126,2,2,0,0,0,2,2,83,0,30,7,2016,7,23,39,1,1,3,1,2,US-30,,2139,42.56391111,-114.538397220000,0,12,1,0,8,1,0,1,2,1,0,1,0,0000000,23,37,23,41,88,88,0,0,0,1,0
16,160127,1,1,0,0,0,1,1,27,772,30,7,2016,7,23,30,0,1,7,98,9,LOWELL RD,,0,43.57416667,-116.797591670000,0,1,0,0,1,1,0,4,2,1,0,1,0,0000000,1,19,1,31,88,88,0,0,0,1,1
16,160128,2,2,0,0,0,2,2,53,700,2,8,2016,3,16,44,0,1,5,2,4,CR-900 SOUTH RD,1900 EAST RD,40,42.59103333,-114.147838890000,0,12,6,0,2,2,0,1,1,1,0,1,0,0000000,16,48,16,54,88,88,0,0,0,1,0
16,160129,1,1,0,1,1,2,2,1,160,2,9,2016,6,1,48,1,2,3,4,6,S VISTA AVE,,99998,43.58289444,-116.213777780000,0,9,0,0,1,1,0,1,3,1,0,1,0,0000000,1,53,2,27,99,99,0,0,0,1,0
16,160130,1,1,0,0,0,2,2,83,0,5,8,2016,6,14,55,0,1,4,1,2,US-30,,2086,42.57632222,-114.633872220000,0,31,0,0,1,1,0,4,1,10,0,10,0,0000000,14,54,15,1,88,88,0,0,0,2,0
16,160131,2,2,0,0,0,2,2,39,656,5,8,2016,6,20,9,1,1,1,1,1,I-84,,1125,42.95741944,-115.448163890000,0,12,2,0,1,1,0,1,5,10,0,10,0,0000000,20,10,20,14,99,99,0,0,0,1,0
16,160132,1,1,0,1,1,1,1,39,600,6,8,2016,7,1,29,1,1,1,1,1,I-84,,1185,42.96090833,-115.340238890000,0,8,0,0,1,1,0,1,2,10,0,10,0,0000000,1,39,1,43,88,88,0,0,0,1,0
16,160133,1,1,0,0,0,2,2,25,490,6,8,2016,7,17,35,0,1,98,4,8,FSR-010,FSR-094,0,43.54024167,-114.877069440000,0,35,0,0,1,1,0,4,1,1,0,1,0,0000000,17,35,17,36,99,99,0,0,0,1,0
16,160134,1,1,0,1,1,2,2,83,1830,6,8,2016,7,20,14,0,2,7,4,6,COLLEGE RD,SILVER CREEK WAY,0,42.58522778,-114.501305560000,0,9,0,0,2,2,0,1,5,1,0,1,0,0000000,20,17,20,21,99,99,0,0,0,1,0
16,160135,1,1,0,0,0,1,1,19,790,9,8,2016,3,20,39,0,2,7,4,6,HIGHLAND DR,CANEL ST,0,43.50331111,-112.035019440000,0,1,0,0,3,2,0,1,3,1,0,1,0,0000000,20,49,20,45,99,99,0,0,0,1,0
16,160136,1,1,0,0,0,1,1,19,810,10,8,2016,4,23,0,1,1,3,1,2,US-26,,3388,43.54683056,-111.954647220000,0,34,0,0,1,1,0,4,2,1,0,1,0,0000000,88,88,88,88,88,88,0,0,0,1,0
16,160137,1,1,0,0,0,1,1,27,210,12,8,2016,6,23,31,0,1,6,2,4,CR-WAGNER RD,HOMEDALE RD,1029,43.62278889,-116.732977780000,0,1,0,0,1,1,0,1,2,1,0,1,0,0000000,23,32,23,40,88,88,0,0,0,1,1
16,160138,1,1,0,0,0,2,2,55,0,14,8,2016,1,22,42,0,1,3,1,3,SR-3,,1037,47.46047778,-116.611063890000,0,42,0,0,1,1,0,4,2,1,0,1,0,0000000,22,41,23,12,99,99,0,0,0,1,1
16,160139,1,1,0,0,0,3,3,47,610,18,8,2016,5,1,53,0,1,7,4,6,N OREGON ST,ROOSEVELT ST,0,42.94651111,-114.707991670000,0,1,0,0,3,3,0,1,3,1,0,1,0,0000000,1,54,1,58,88,88,0,0,0,1,1
16,160140,2,2,0,0,0,3,3,1,1070,18,8,2016,5,7,34,1,2,1,1,1,I-84,,451,43.59332222,-116.373011110000,0,12,7,0,1,1,0,1,1,1,0,1,0,0000000,7,35,7,41,99,99,0,0,0,1,0
16,160141,2,2,0,0,0,2,2,19,1780,18,8,2016,5,16,23,1,1,3,1,2,US-26,,3752,43.44875833,-111.370763890000,0,12,2,0,1,1,0,1,1,1,0,1,0,0000000,16,25,17,3,99,99,0,0,0,1,0
16,160142,3,3,0,0,0,6,6,27,0,18,8,2016,5,21,23,0,6,96,96,4,CR-GREENHURST RD,E LOCUST LN,64,43.53255833,-116.479869440000,0,12,6,0,2,2,0,1,5,1,0,1,0,0000000,21,1,21,11,99,99,0,0,0,1,1
16,160143,1,1,0,0,0,2,2,33,0,19,8,2016,6,15,7,1,1,1,1,1,I-15,,1622,44.10600000,-112.236000000000,0,1,0,0,1,1,0,4,1,1,0,1,0,0000000,15,7,15,26,99,99,0,0,0,1,0
16,160144,2,2,0,0,0,7,7,27,9997,21,8,2016,1,16,46,0,1,5,1,8,MARSING RD,RIVERSIDE RD,22,43.54520556,-116.757425000000,0,12,6,0,2,2,0,1,1,1,0,1,0,0000000,16,46,17,0,99,99,0,0,0,2,1
16,160145,1,1,0,0,0,5,5,31,0,21,8,2016,1,22,8,0,1,5,1,3,SR-81,,175,42.53218056,-113.470261110000,0,1,0,0,1,1,0,1,2,1,0,1,0,0000000,22,11,22,28,99,99,0,0,0,3,0
16,160146,1,1,0,0,0,1,1,5,0,22,8,2016,2,10,38,0,1,4,1,2,US-91,,398,42.46725833,-112.151280560000,0,35,0,0,1,1,0,4,1,1,0,1,0,0000000,10,37,10,46,88,88,0,0,0,1,1
16,160147,1,1,0,0,0,1,1,83,0,23,8,2016,3,19,25,0,6,96,96,4,CR-2300 EAST RD,2500 NORTH RD,99998,42.36317222,-114.594461110000,0,1,0,0,1,1,0,4,5,1,0,1,0,0000000,19,25,19,45,88,88,0,0,0,1,0
16,160148,1,1,0,0,0,1,1,1,0,24,8,2016,4,22,58,1,1,1,1,1,I-84,,635,43.46391389,-116.092525000000,0,1,0,1,5,1,0,8,2,1,0,1,0,0000000,23,0,23,15,99,99,0,0,0,1,1
16,160149,1,1,0,0,0,2,2,29,0,25,8,2016,5,8,20,0,1,7,2,4,CR-GENTILE VALLEY RD,BEAVER DAMS RD,99998,42.54181944,-111.819861110000,0,1,0,0,1,1,0,4,1,1,0,1,0,0000000,8,20,8,46,99,99,0,0,0,1,0
16,160150,1,1,0,0,0,2,2,53,0,26,8,2016,6,14,38,1,1,1,1,1,I-84,,1773,42.61525556,-114.369211110000,0,35,0,0,1,1,0,4,1,10,0,10,0,0000000,14,40,14,47,99,99,0,0,0,1,0
16,160151,1,1,0,0,0,1,1,67,720,29,8,2016,2,17,24,1,1,1,1,1,I-84,,2074,42.56831111,-113.791625000000,0,24,0,1,5,1,0,3,1,1,0,1,0,0000000,17,22,17,27,99,99,0,0,0,1,0
16,160152,1,1,0,0,0,3,3,11,0,3,9,2016,7,6,42,0,1,4,1,3,SR-39,,245,43.06036111,-112.808930560000,0,35,0,0,1,1,0,4,4,1,0,1,0,0000000,6,43,6,55,99,99,0,0,0,1,0
16,160153,1,1,0,0,0,3,3,17,0,6,9,2016,3,8,4,0,1,6,3,8,BAYVIEW RD,,99998,47.99296944,-116.622580560000,0,42,0,0,1,1,0,4,1,2,10,2,0,0000000,8,8,8,27,99,99,0,0,0,1,0
16,160154,2,2,0,0,0,4,4,49,900,6,9,2016,3,16,50,1,1,3,1,2,US-12,,1222,46.34000000,-115.313000000000,0,1,0,0,1,1,0,1,1,2,10,2,0,0000000,17,0,18,0,88,88,0,0,0,1,0
16,160155,2,2,0,0,0,2,2,35,1300,7,9,2016,4,14,13,1,1,3,1,2,US-12,,431,46.48925833,-116.269208330000,0,12,2,0,1,1,0,1,1,1,0,1,0,0000000,14,14,14,17,99,99,0,0,0,1,0
16,160156,2,2,0,0,0,3,3,19,0,12,9,2016,2,14,35,0,1,5,3,6,15TH EAST RD,97TH SOUTH RD,9,43.40993056,-112.003805560000,0,12,6,0,2,2,0,1,1,10,0,10,0,0000000,14,38,14,50,99,99,0,0,0,1,0
16,160157,1,1,0,0,0,1,1,57,870,15,9,2016,5,7,15,0,1,4,1,3,SR-3,,99998,46.61907778,-116.640669440000,0,1,0,0,1,1,0,1,1,1,0,1,0,0000000,7,18,7,28,88,88,0,0,0,1,0
16,160158,1,1,0,0,0,1,1,49,9997,16,9,2016,6,14,45,0,1,4,1,3,SR-13,,255,45.97733611,-115.964711110000,0,42,0,0,1,1,0,4,1,1,0,1,0,0000000,14,50,15,12,88,88,0,0,0,1,0
16,160159,1,1,0,0,0,1,1,1,1070,14,9,2016,4,20,8,0,2,5,4,6,E WOODBURY DR,N LARHMONT PL,99998,43.62743056,-116.390097220000,0,1,0,0,3,2,0,4,5,10,0,10,0,0000000,20,8,20,13,88,88,0,0,0,1,1
16,160160,1,1,0,1,1,1,1,19,790,13,9,2016,3,19,14,1,2,3,1,2,US-20 W BROADWAY,,3061,43.49676111,-112.071625000000,0,8,0,0,1,1,0,1,1,1,0,1,0,0000000,19,13,19,18,99,99,0,0,0,1,0
16,160161,1,1,0,0,0,1,1,1,0,13,9,2016,3,11,8,0,1,3,3,3,SR-16,,99998,43.65736667,-116.473327780000,0,35,0,0,1,1,0,4,1,1,0,1,0,0000000,11,8,11,14,99,99,0,0,0,1,0
16,160162,1,1,0,0,0,1,1,53,830,7,9,2016,4,99,99,0,1,5,3,8,1900 RD E MURTAUGH GR,,99998,42.49900000,-114.148000000000,0,35,0,0,1,1,0,4,1,1,0,1,0,0000000,88,88,88,88,88,88,0,0,0,1,0
16,160163,1,1,0,1,1,1,1,53,0,20,9,2016,3,4,49,1,1,1,1,1,I-84,,1758,42.62415000,-114.395877780000,0,8,0,0,1,1,0,1,2,1,0,1,0,0000000,4,48,4,57,88,88,0,0,0,1,0
16,160164,2,2,0,0,0,7,7,19,790,17,9,2016,7,12,24,0,2,4,4,6,W 17TH ST,CURTIS AVE,46,43.48273889,-112.041088890000,0,12,6,0,2,2,0,1,1,10,0,10,0,0000000,12,26,12,30,99,99,0,0,0,2,0
16,160165,1,1,0,0,0,1,1,49,0,25,9,2016,1,6,13,0,1,5,1,3,SR-14,,106,45.86746389,-116.020716670000,0,17,0,0,1,1,0,4,4,1,0,1,0,0000000,88,88,88,88,88,88,0,0,0,1,0
16,160166,2,2,0,0,0,2,2,65,1520,28,9,2016,4,10,50,1,1,3,1,2,US-20,,3368,43.86394167,-111.777877780000,0,12,1,1,18,1,0,1,1,1,0,1,0,0000000,10,51,10,56,99,99,0,0,0,1,0
16,160167,1,1,0,0,0,2,2,31,0,29,9,2016,5,1,38,0,1,5,3,8,E YALE RD,,99998,42.54081389,-113.234127780000,0,1,0,0,1,1,0,1,2,1,0,1,0,0000000,88,88,88,88,88,88,0,0,0,1,1
16,160168,1,1,0,0,0,2,2,33,0,29,9,2016,5,17,15,1,1,1,1,1,I-15,,1742,44.27900000,-112.216000000000,0,1,0,0,1,1,0,4,1,1,0,1,0,0000000,17,22,17,36,99,99,0,0,0,1,0
16,160169,1,1,0,0,0,1,1,55,0,29,9,2016,5,21,24,1,1,3,1,2,US-95,,4148,47.51393889,-116.944800000000,0,31,0,0,1,1,0,4,2,10,0,10,0,0000000,21,40,21,46,88,88,0,0,0,1,1
16,160170,2,2,0,0,0,3,3,49,630,30,9,2016,6,5,4,1,1,3,1,2,US-95,,2396,45.92502778,-116.132166670000,0,12,2,0,1,1,0,1,2,1,0,1,0,0000000,4,56,5,1,99,99,0,0,0,1,0
16,160171,3,3,0,0,0,7,7,27,0,26,9,2016,2,16,12,1,1,3,1,3,SR-44,STONE LN,7,43.70596111,-116.685677780000,0,12,1,0,3,3,0,1,1,1,0,1,0,0000000,16,12,16,19,99,99,0,0,0,1,0
16,160172,1,1,0,0,0,1,1,27,0,2,9,2016,6,23,47,0,1,98,98,9,TRACK RD,,99998,43.45976944,-116.543313890000,0,38,0,0,1,1,0,4,2,1,0,1,0,0000000,23,51,0,1,88,88,0,0,0,1,1
16,160173,1,1,0,0,0,2,2,47,0,25,9,2016,1,9,30,0,1,4,1,2,US-30,,1744,42.90454444,-114.928813890000,0,1,0,0,1,1,0,4,1,1,0,1,0,0000000,9,31,9,31,99,99,0,0,0,1,0
16,160174,3,3,0,0,0,6,6,27,0,25,9,2016,1,8,4,0,1,4,2,4,CR-HOMEDALE RD,,63,43.61760278,-116.796466670000,0,12,7,0,1,1,0,1,1,1,0,1,0,0000000,8,8,8,18,99,99,0,0,0,1,0
16,160175,1,1,0,0,0,4,4,83,0,2,10,2016,1,11,38,0,1,5,3,5,E 4100 N,,38,42.59356111,-114.631363890000,0,21,0,0,1,1,0,4,1,1,0,1,0,0000000,11,41,11,52,99,99,0,0,0,2,0
16,160176,1,1,0,0,0,1,1,27,210,4,10,2016,3,5,30,0,1,5,3,6,CHICKEN DINNER RD,,1028,43.61461389,-116.772494440000,0,34,0,0,1,1,0,4,2,10,0,10,0,0000000,7,40,7,51,88,88,0,0,0,1,0
16,160177,1,1,0,0,0,2,2,69,960,3,10,2016,2,1,49,1,2,3,1,2,US-12 LEVEE BYPASS,,12,46.42228611,-117.022533330000,0,42,0,0,1,1,0,4,2,1,0,1,0,0000000,1,50,1,55,88,88,0,0,0,1,1
16,160178,2,2,0,0,0,4,4,17,0,4,10,2016,3,22,21,1,1,3,1,2,US-95,,4533,48.00021944,-116.674872220000,0,12,2,0,1,1,0,1,2,5,0,5,0,0000000,22,24,22,43,99,99,0,0,0,2,0
16,160179,3,3,0,0,0,4,4,61,0,6,10,2016,5,0,37,1,1,3,1,2,US-12,,578,46.31200000,-116.135000000000,3,12,8,0,1,1,0,1,2,10,0,10,0,0000000,0,41,1,5,88,88,0,0,0,1,0
16,160180,2,2,0,0,0,2,2,55,0,10,10,2016,2,15,15,0,1,6,25,4,CR-PRAIRIE AVE,N PLEASANT VIEW RD,1007,47.74523611,-117.001988890000,0,12,6,0,2,2,0,1,1,1,0,1,0,0000000,15,25,15,27,99,99,0,0,0,1,0
16,160181,1,1,0,1,1,1,1,55,688,8,10,2016,7,1,37,1,2,3,1,2,US-95,MILES AVE,4352,47.76616111,-116.791197220000,0,8,0,0,3,2,0,1,2,10,0,10,0,0000000,1,39,1,46,88,88,0,0,0,1,0
16,160182,1,1,0,0,0,1,1,55,0,5,10,2016,4,9,17,1,2,3,1,2,US-95,,4375,47.79800000,-116.788000000000,0,1,0,0,1,1,0,4,1,10,0,10,0,0000000,9,18,9,24,88,88,0,0,0,1,0
16,160183,1,1,0,0,0,1,1,31,0,9,10,2016,1,18,30,0,1,5,1,3,SR-77,ELBA-ALMO RD,75,42.28071389,-113.501238890000,0,31,0,0,1,1,0,4,1,1,0,1,0,0000000,18,31,19,5,88,88,0,0,0,1,0
16,160184,3,3,0,0,0,5,5,53,0,6,10,2016,5,20,12,1,1,1,1,1,I-84,,1750,42.62938333,-114.410625000000,0,12,1,0,1,1,0,1,2,1,0,1,0,0000000,20,15,20,34,99,99,0,0,0,1,0
16,160185,1,1,0,0,0,1,1,79,0,13,10,2016,5,22,33,0,1,5,3,5,SILVER VALLEY RD,,14,47.53179444,-116.091338890000,0,25,0,0,1,1,0,4,2,2,10,2,0,0000000,22,24,22,26,88,88,0,0,0,1,1
16,160186,1,1,0,0,0,1,1,63,0,18,10,2016,3,0,30,1,1,3,1,2,US-93,,1701,42.94361389,-114.327636110000,0,35,0,0,1,1,0,4,2,10,0,10,0,0000000,6,0,6,11,88,88,0,0,0,1,1
16,160187,1,1,0,0,0,1,1,79,0,19,10,2016,4,21,59,0,1,5,3,5,9 MILE CREEK RD,,14,47.49160556,-115.910630560000,0,35,0,0,1,1,0,4,2,1,0,1,0,0000000,88,88,88,88,88,88,0,0,0,1,1
16,160188,1,1,0,3,3,1,1,27,1200,22,10,2016,7,7,28,0,2,7,4,6,HILLCREST WAY,SUNNYBROOK DR,1002,43.54528333,-116.570458330000,0,8,0,0,3,3,0,1,3,1,0,1,0,0000000,7,34,7,38,99,99,0,0,0,1,1
16,160189,1,1,0,0,0,2,2,27,210,22,10,2016,7,13,24,0,1,5,4,6,NOTUS RD,,12,43.68673333,-116.802855560000,0,1,0,0,1,1,0,4,1,10,0,10,0,0000000,13,25,13,35,99,99,0,0,0,1,0
16,160190,1,1,0,0,0,2,2,33,0,24,10,2016,2,5,26,1,1,1,1,1,I-15,,1796,44.34600000,-112.180000000000,0,1,0,0,1,1,0,3,2,10,0,10,0,0000000,5,45,6,18,99,99,0,0,0,1,0
16,160191,1,1,0,0,0,1,1,55,0,25,10,2016,3,13,26,0,1,3,1,3,SR-41,,152,47.91477500,-116.845755560000,0,31,0,0,1,1,0,4,1,1,0,1,0,0000000,13,33,13,39,99,99,0,0,0,1,0
16,160192,1,1,0,0,0,1,1,15,0,26,10,2016,4,17,35,0,1,4,1,3,SR-21,,722,44.08078333,-115.622322220000,0,32,0,0,1,1,0,4,1,1,0,1,0,0000000,17,40,17,48,99,99,0,0,0,1,0
16,160193,2,2,0,0,0,2,2,7,0,6,10,2016,5,16,0,1,1,3,1,2,US-89,,248,42.31761389,-111.319994440000,0,12,1,0,8,1,0,1,1,1,0,1,0,0000000,16,1,16,2,99,99,0,0,0,1,0
16,160194,2,2,0,0,0,2,2,75,0,28,10,2016,6,16,24,0,1,6,98,8,SW 1ST AVE,ELMORE RD,1016,43.96729722,-116.893761110000,0,12,6,0,2,2,0,1,1,1,0,1,0,0000000,16,30,16,36,99,99,0,0,0,1,0
16,160195,1,1,0,0,0,1,1,69,0,26,10,2016,4,14,50,0,1,4,1,5,GUN CLUB RD,,18,46.40990833,-116.978269440000,0,53,0,0,1,1,0,4,1,1,0,1,0,0000000,14,54,14,59,99,99,0,0,0,1,1
16,160196,1,1,0,0,0,1,1,39,0,28,10,2016,6,9,12,1,1,3,1,2,US-20,,1165,43.31375833,-115.433366670000,0,1,0,0,1,1,0,5,1,10,0,10,0,0000000,9,14,9,40,88,88,0,0,0,1,0
16,160197,1,1,0,0,0,1,1,27,0,28,10,2016,6,10,2,0,1,7,98,9,LOWELL RD,,1047,43.57403889,-116.776227780000,0,51,0,0,1,1,0,1,1,1,0,1,0,0000000,10,4,10,18,88,88,0,0,0,1,0
16,160198,2,2,0,0,0,2,2,37,0,1,11,2016,3,8,30,0,1,4,1,3,SR-75,,2271,44.26812222,-114.325355560000,0,12,2,0,1,1,0,1,1,1,0,1,0,0000000,8,31,8,58,88,88,0,0,0,1,0
16,160199,1,1,0,0,0,1,1,5,1430,3,11,2016,5,14,2,1,2,3,1,2,US-30 GARRETT WAY,,3341,42.88927500,-112.474180560000,0,33,0,0,1,1,0,4,1,1,0,1,0,0000000,14,3,14,7,88,88,0,0,0,1,0
16,160200,2,2,0,0,0,2,2,31,0,8,11,2016,3,12,41,0,1,5,1,3,SR-27,500 S,164,42.46016944,-113.793383330000,0,12,6,0,2,2,0,1,1,1,0,1,0,0000000,12,52,12,58,99,99,0,0,0,1,0
16,160201,2,2,0,1,1,1,1,1,160,10,11,2016,5,0,3,1,2,1,1,1,I-84,,555,43.55711389,-116.181769440000,0,8,0,0,1,1,0,1,2,1,0,1,0,0000000,0,4,0,9,99,99,19,0,0,1,0
16,160202,2,2,0,0,0,2,2,19,790,10,11,2016,5,21,4,1,2,1,1,1,I-15,,1156,43.46300000,-112.091000000000,0,12,2,0,1,1,0,1,2,1,0,1,0,0000000,21,12,21,17,88,88,0,0,0,1,2
16,160203,1,1,0,0,0,2,2,27,0,15,11,2016,3,2,2,1,1,1,1,1,I-84,,182,43.79600000,-116.743000000000,0,1,0,0,1,1,0,1,2,10,0,10,0,0000000,2,3,2,16,99,99,0,0,0,1,1
16,160204,2,2,0,0,0,2,2,17,0,19,11,2016,7,0,0,1,1,3,1,2,US-95,SELLE RD,4804,48.35716667,-116.547461110000,0,12,6,0,2,2,0,1,2,10,0,10,0,0000000,0,1,0,13,88,88,0,0,0,1,0
16,160205,2,2,0,0,0,2,2,1,0,15,11,2016,3,17,46,0,1,4,25,4,CR-KUNA MORA RD,,116,43.45888889,-116.249236110000,0,12,2,0,1,1,0,1,2,10,0,10,0,0000000,17,47,17,59,99,99,0,0,0,1,0
16,160206,1,1,0,0,0,1,1,35,0,22,11,2016,3,5,30,0,6,96,96,4,CR-OLD AHSAHKA GRADE RD,,99998,46.51476944,-116.339702780000,3,1,0,0,1,1,0,4,2,2,5,2,0,0000000,6,56,7,16,88,88,0,0,0,1,0
16,160207,1,1,0,0,0,3,3,27,0,30,11,2016,4,14,28,0,6,96,96,4,CR-HARTLEY LN,,1000,43.73022500,-116.642566670000,0,38,0,0,1,1,0,4,1,10,0,10,0,0000000,14,21,14,33,99,99,0,0,0,1,0
16,160208,1,1,0,0,0,2,2,57,0,20,11,2016,1,6,17,1,1,3,1,2,US-95,,3672,47.00077222,-116.903550000000,0,1,0,0,1,1,0,4,4,1,0,1,0,0000000,6,23,6,39,99,99,0,0,0,1,0
16,160209,1,1,0,0,0,4,4,83,0,20,11,2016,1,12,29,0,6,96,96,4,CR-3300 NORTH RD,,1062,42.47665278,-114.510972220000,0,1,0,0,1,1,0,4,1,1,0,1,0,0000000,12,30,12,41,99,99,0,0,0,1,0
16,160210,3,3,0,0,0,5,5,1,435,25,11,2016,6,18,6,1,2,3,1,3,SR-44,S EDGEWOOD LN,186,43.68790000,-116.334219440000,0,12,6,0,2,2,0,1,2,10,0,10,0,0000000,18,6,18,10,88,88,14,0,0,1,0
16,160211,2,2,0,0,0,2,2,69,0,25,11,2016,6,13,47,1,1,3,1,2,US-95,NEZ PERCE RD,3072,46.43793056,-116.902061110000,3,12,6,0,2,3,0,1,1,10,0,10,0,0000000,13,51,13,57,99,99,0,0,0,1,0
16,160212,1,1,0,0,0,2,2,83,0,25,11,2016,6,23,33,0,6,96,96,4,CR-2700 EAST RD,CANYON RIM RD,1015,42.60181944,-114.515958330000,0,1,0,0,1,1,0,4,2,1,0,1,0,0000000,88,88,88,88,88,88,0,0,0,2,1
16,160213,1,1,0,0,0,1,1,65,0,28,11,2016,2,8,5,1,8,3,1,2,US-20,,3358,43.85642222,-111.796391670000,0,1,0,0,1,1,0,3,1,4,0,4,0,0000000,99,99,8,7,88,88,0,0,0,1,0
16,160214,1,1,0,1,1,1,1,55,300,29,11,2016,3,17,55,0,2,4,4,6,E BEST ST,N 5TH ST,13,47.70074167,-116.779588890000,0,8,0,0,3,3,0,1,3,10,0,10,0,0000000,17,56,18,1,99,99,0,0,0,1,0
16,160215,1,1,0,0,0,1,1,27,0,28,11,2016,2,23,30,0,1,98,98,8,HOWE RD,,0,43.70541944,-116.855622220000,0,35,0,0,1,1,0,4,2,10,0,10,0,0000000,7,10,7,19,88,88,0,0,0,1,1
16,160216,1,1,0,1,1,1,1,27,1200,10,11,2016,5,12,47,0,2,4,4,6,LONE STAR RD,S MIDLAND RD,50,43.57595278,-116.592975000000,0,9,0,0,2,2,0,1,1,1,0,1,0,0000000,12,40,12,43,99,99,0,0,0,1,0
16,160217,1,1,0,0,0,2,2,41,0,30,11,2016,4,10,45,0,1,5,1,3,SR-36,,1314,42.09777778,-111.907600000000,0,1,0,0,1,1,0,4,1,1,0,1,0,0000000,88,88,88,88,88,88,0,0,0,2,1
16,160218,1,1,0,1,1,1,1,55,300,21,11,2016,2,19,59,0,2,7,4,6,W ANTON AVE,GOVERNMENT WAY,0,47.70327500,-116.786191670000,0,8,0,0,3,3,0,1,3,1,0,1,0,0000000,19,59,20,5,99,99,0,0,0,1,0
16,160219,1,1,0,0,0,3,3,1,435,3,12,2016,7,11,31,0,6,96,96,4,CR-LINDER RD,HATCHERY RD,1011,43.68465556,-116.413719440000,0,38,0,0,1,1,0,4,1,1,0,1,0,0000000,11,34,11,45,99,99,0,0,0,1,0
16,160220,2,2,0,0,0,2,2,81,0,4,12,2016,1,17,14,0,1,5,2,4,CR-SKI HILL RD,,1004,43.74689722,-111.052055560000,0,12,6,0,1,1,0,1,2,4,11,4,0,0000000,17,16,17,26,99,99,0,0,0,1,0
16,160221,1,1,0,0,0,1,1,67,0,5,12,2016,2,7,46,1,1,1,1,1,I-84,,2029,42.57652222,-113.883891670000,0,1,0,0,1,1,0,3,4,10,0,10,0,0000000,7,49,8,5,99,99,0,0,0,1,0
16,160222,1,1,0,0,0,2,2,39,0,6,12,2016,3,10,19,1,1,1,1,1,I-84,,1115,42.95873333,-115.468813890000,0,31,0,1,19,1,0,3,1,11,0,11,0,0000000,10,19,10,30,99,99,0,0,0,1,0
16,160223,1,1,0,0,0,1,1,75,0,7,12,2016,4,9,0,1,1,3,1,2,US-95,,586,43.94200000,-116.930000000000,0,35,0,0,1,1,0,4,1,1,0,1,0,0000000,9,25,9,31,88,88,0,0,0,1,0
16,160224,1,1,0,0,0,1,1,27,210,13,12,2016,3,3,0,1,2,3,4,6,USTICK RD,MIDLAND BLVD,52,43.63407778,-116.593200000000,0,1,0,0,1,1,0,4,6,1,0,1,0,0000000,88,88,88,88,88,88,0,0,0,1,0
16,160225,1,1,0,0,0,1,1,11,0,13,12,2016,3,16,23,1,1,1,1,1,I-15,,966,43.24800000,-112.320000000000,0,1,0,0,1,1,0,4,1,1,0,1,0,0000000,16,27,16,35,88,88,0,0,0,1,0
16,160226,1,1,0,0,0,3,3,53,0,16,12,2016,6,16,33,1,1,1,1,1,I-84,,1781,42.60900000,-114.356000000000,0,1,0,0,1,1,0,3,1,10,11,11,0,0000000,16,35,16,49,99,99,0,0,0,2,0
16,160227,2,2,0,0,0,2,2,79,1860,18,12,2016,1,9,27,1,1,1,1,1,I-90,,615,47.47448056,-115.925013890000,0,12,1,0,1,1,0,1,1,10,4,4,0,0000000,9,23,9,33,99,99,19,0,0,1,0
16,160228,4,4,0,0,0,7,7,53,0,19,12,2016,2,19,29,1,1,1,1,1,I-84,,1664,42.70919722,-114.532941670000,0,24,0,0,1,1,0,3,2,10,4,4,0,0000000,19,29,19,46,99,99,0,0,0,1,0
16,160229,2,2,0,0,0,3,3,87,0,14,12,2016,4,14,38,1,1,3,1,2,US-95,,1088,44.51547500,-116.692572220000,0,12,8,0,1,1,0,1,1,4,0,4,0,0000000,14,42,14,49,99,99,0,0,0,1,0
16,160230,2,2,0,0,0,2,2,39,0,24,12,2016,7,7,34,1,1,1,1,1,I-84,,1117,42.95851944,-115.464702780000,0,12,8,1,18,1,0,1,2,4,11,4,0,0000000,7,34,8,2,88,88,0,0,0,1,0
16,160231,2,2,0,0,0,4,4,11,130,17,12,2016,7,14,47,1,1,2,1,2,US-91,,970,43.14790000,-112.389863890000,3,12,6,0,1,1,0,1,1,10,0,10,0,0000000,14,49,14,55,99,99,0,0,0,1,0
16,160232,2,2,0,0,0,4,4,41,1480,24,10,2016,2,10,29,1,1,2,1,3,SR-34,,124,42.15769444,-111.828563890000,0,12,8,0,1,1,0,1,1,10,0,10,0,0000000,10,29,10,34,99,99,0,0,0,1,0
16,160233,1,1,0,0,0,1,1,17,1450,27,8,2016,7,2,30,0,1,7,25,4,CR-CENTER VALLEY RD,US-95,0,48.38580556,-116.522786110000,0,11,0,0,1,1,0,1,2,1,0,1,0,0000000,2,29,2,34,88,88,0,0,0,1,1
